Distance,RSSI
81.237639898168,-119.8101039760335
50.64823670989764,-115.54209024935807
52.59908795077731,-115.88349902553134
46.81509993002622,-114.83118003924531
52.65613997488377,-115.89329178450487
73.45069688302667,-118.89986732948768
95.5555097501696,-121.27647143970265
90.90658536723534,-120.82593535853749
44.10278998250243,-114.2920463157339
94.77113477904402,-121.20201466205515
74.66308560833757,-119.04775560944893
87.48358547302189,-120.47922492129533
83.66294087528009,-120.0758412136997
98.55284976442886,-121.55547126792601
76.80877613037896,-119.30369775899521
56.007189440688975,-116.45062279188221
91.7202891136184,-120.90643281257837
90.92365796393815,-120.82763169151329
52.51352413648317,-115.86879239961343
51.86922176344235,-115.75727460526025
45.94332892884054,-114.66137934417247
68.59215682454504,-118.28166092986032
55.58757881436704,-116.38268955131477
54.55968499269711,-116.21408674776035
86.36502856394493,-120.36298093705827
84.11640749609224,-120.12467107837628
33.465764008386856,-111.79884765975892
91.05520228978989,-120.84069126208149
38.805426734687074,-113.13611542406454
87.97868844063626,-120.53020383426369
92.31692111537129,-120.96500346560524
90.56179813729737,-120.79160895006189
82.27634575436193,-119.92487206741623
83.30938588905163,-120.03758598889556
48.29477310537194,-115.11227488522567
37.19232020499484,-112.7525802426121
9.098220659824198,-100.0334466648194
79.76837847786496,-119.64523206854676
95.99543827096973,-121.3179645717577
67.80891631347245,-118.17791769870897
74.86307351712361,-119.0719193665953
11.782357371801325,-102.3687817578991
92.76764095190029,-121.00899964628044
84.70744716363147,-120.18792132651811
21.207220807375425,-107.6780143516339
41.16134061714155,-113.66853401355772
97.75243108108029,-121.48180557416072
13.848070752166343,-103.82804907454333
80.50024398233039,-119.72773387051947
42.54421386472935,-113.96703464568944
81.77312694212112,-119.86945276770635
73.70128549457543,-118.93063348808141
30.85972909842542,-111.06650805376839
91.43645014276841,-120.87843480608632
79.9177721071644,-119.66213424357659
69.12764610904223,-118.35190897168309
98.70019386258923,-121.5689666987852
51.676824217483805,-115.72370516108626
85.09726995313454,-120.22939723229064
62.597818396329785,-117.455583495199
49.95681282143269,-115.4179224223667
98.53869406111339,-121.55417366713041
43.00267330042714,-114.06385763879535
79.31632260414557,-119.59389364706388
83.3858852555188,-120.04587709038228
9.892634531010712,-100.78964105229561
56.48662025725148,-116.52762046350514
54.85454167773038,-116.26277406858028
69.767454397923,-118.43513202581255
73.9724976451954,-118.96381406033441
17.53607771694031,-105.96094738017062
51.58649861883871,-115.70790205318187
52.35704124053925,-115.84183417859083
46.11467382972857,-114.69500631751814
78.33178411300445,-119.4810629610854
98.87289601719074,-121.5847590835439
32.02495559605291,-111.40131373436978
48.015745297897226,-115.05993260682627
92.45941680487611,-120.97893609546381
74.3269017501027,-119.00698960450868
98.51241853748533,-121.55176459317363
50.21229225009043,-115.46400117627951
72.77818159228642,-118.81677714600539
50.79970754117321,-115.56906539030709
61.21643929763675,-117.2540079306242
96.52746063668836,-121.3678905111301
82.47762075671095,-119.9469435658892
98.0341273869623,-121.5077997600859
67.3284510618244,-118.11368354572812
34.661414096362826,-112.11595473854422
87.06793061405686,-120.43620320824422
76.28118386635003,-119.2414346115653
66.93051222451045,-118.06013447346902
29.25237250666641,-110.58330296046789
56.70596265813768,-116.5626297136086
93.06198258479247,-121.03761603014573
81.08972083499904,-119.79364093039314
87.96739457361619,-120.52904414747536
48.56826776208039,-115.16328655539832
95.92126501042735,-121.31098205061934
70.46267321038566,-118.52470178083044
68.94294836347783,-118.32774110588491
78.49613086413024,-119.49999579196603
39.45772319196041,-113.2866982333063
46.95525940507421,-114.85818445883265
82.41553185451335,-119.94014074522681
9.24350619798264,-100.17655630502165
98.52730133522145,-121.55312920283234
59.533847938788305,-117.0022424205248
93.61217409944953,-121.0908646786657
56.932296939034515,-116.59861326139179
80.451213127501,-119.72223020277619
47.85465128790281,-115.0295746234386
64.55462478828944,-117.73364129360039
73.24705800328705,-118.87478804437035
90.83459922966425,-120.81877931157192
92.45812808141282,-120.97881018574361
80.68626168172604,-119.74858374396328
44.93879574733939,-114.46167792815612
40.356406365960375,-113.49013189919648
47.95661960285566,-115.04880228404002
37.44622189859473,-112.81403871582299
73.06495352577369,-118.85230171802857
33.59645986586757,-111.83405733854686
70.82618474952396,-118.57118421756968
54.313603084063956,-116.1732513557721
80.14900408620512,-119.6882332901302
51.933279854297645,-115.76842380941883
25.96399749399462,-109.50608059804466
8.9710462103047,-99.9062885304598
80.37604458365361,-119.71378608749046
41.09476518285336,-113.6539114472376
78.43286326046923,-119.49271202806838
11.180659825795598,-101.89527481096403
85.80416525407892,-120.30412628955995
79.85456342664276,-119.65498676593614
46.19894986222442,-114.71149993982738
86.68161403734969,-120.39603356021178
60.7709990829029,-117.18803680663129
74.42472991350417,-119.01887133963393
74.33611806704113,-119.0081096407958
93.94526824335895,-121.12295032515203
90.83541575007601,-120.8188605125828
84.65634506789806,-120.18247008031852
44.66041737490691,-114.40554595160793
96.13414020723697,-121.33100722689733
62.59605526953683,-117.4553290594624
97.56488903589717,-121.46445812328577
59.13384283955158,-116.94134311736474
97.08760733408053,-121.42015918485393
80.77440297253673,-119.75844631979643
92.33017584332131,-120.96630036407265
96.62906261785471,-121.37739372446632
24.200319495085957,-108.87063105243942
45.462858551877595,-114.5664123562812
61.77724875480638,-117.33638629334808
76.41866868769323,-119.25770110323924
79.06857299581158,-119.56563331828772
83.05425091872519,-120.00987898496206
75.16256212116227,-119.10798495689514
87.2689568505326,-120.45703570334956
86.27582386210305,-120.35364577514727
55.67618629391215,-116.39707735040474
81.74953516670367,-119.86684625214846
94.67269995247798,-121.1926272477539
73.43765382528171,-118.89826308814025
85.86044864843974,-120.31004977271243
21.772448242667764,-107.915623330284
55.017816877810276,-116.28962193256282
82.20755490040646,-119.91731618881724
68.95398641838443,-118.32918726333833
70.94604272716244,-118.58645824365894
39.006638556182324,-113.18283352277855
81.16022199550643,-119.80149128695385
87.56936780615838,-120.48807823980462
78.74879564193719,-119.52902572794542
74.5753948230332,-119.03713985576877
67.1539157045952,-118.09023607721628
52.1974046911708,-115.81424950773851
92.83627690790364,-121.01568065763001
33.65145305780048,-111.84883167062509
72.47224288312208,-118.77872358498803
84.26538823326662,-120.1406560819367
79.31726321357405,-119.5940007723089
67.76324028940671,-118.17183080880093
92.55789337680389,-120.98855217932382
80.67345346532721,-119.74714967122213
65.30394826264836,-117.83789252030837
78.02658950900087,-119.44579877213567
92.03559378863744,-120.93743320749721
43.30534476849115,-114.12721539109808
91.84098500737332,-120.91831206569191
48.75435943852337,-115.19783204048795
86.14767720451351,-120.34021847967657
95.89545005526338,-121.3085506161434
97.67128285964078,-121.47430353356464
90.6147509084005,-120.79688932016501
61.726739352446955,-117.32899757836338
58.28361071948445,-116.81051831636717
47.26402155597644,-114.91739015180295
74.8817891242808,-119.07417739620789
34.08186256406792,-111.96363725328416
58.409651042772026,-116.83003210246079
91.35598955993481,-120.87048232555114
37.47462779726331,-112.8208886043194
77.03837307558379,-119.33065991496389
11.33474384376664,-102.01891574551051
84.72950748129279,-120.19027356455868
87.62164027383687,-120.49346886138923
49.356499487990334,-115.3087146737131
78.68926586195683,-119.52219444606169
90.78369561505444,-120.81371562656969
31.619108267128034,-111.2861042274536
95.77013583843035,-121.2967383314099
83.5552240236522,-120.06420322582926
81.73567550449576,-119.86531462936745
18.23988806244488,-106.31641329038939
84.7901508608426,-120.1967366662291
67.61143119329613,-118.15157086656973
39.53519566470548,-113.30441714474027
39.55912112110636,-113.30988217545718
98.43186561534066,-121.54437508413406
27.355133387013762,-109.97755998565738
43.738601775112734,-114.2171420068639
98.10927837713275,-121.51472187266634
49.65872560501269,-115.36386003710737
84.13596987511346,-120.12677165294647
90.0585570341105,-120.74127185145755
83.35638002446447,-120.04268017626762
19.20652837487709,-106.78288872229471
88.26469547608527,-120.55952234572175
20.970487914096353,-107.57660971219006
77.738858448957,-119.41242588703622
35.8988214821645,-112.43282016179252
69.99736076649245,-118.46485081975965
29.380734828584927,-110.62285537396012
92.11680358261583,-120.94540046220985
85.66976438664712,-120.28996568803868
76.47249545518683,-119.26406163714347
47.98070668490329,-115.05333829643092
52.404983943224245,-115.85010209924101
53.212602313402165,-115.98825374328152
43.29660914305629,-114.12539299004848
45.9486095322937,-114.66241755077078
85.97135244970679,-120.32171036450146
21.17037525222628,-107.66230614741636
14.564313421815886,-104.28358451970648
35.42160891499038,-112.31193248260065
22.199321240492065,-108.09101785304537
53.5082888184152,-116.038310281799
27.33979980923025,-109.97249504854186
82.03537386989254,-119.89837634370619
57.09351196235202,-116.62415675406166
18.334841552877986,-106.36331713335932
90.96967132581098,-120.83220199294124
72.31082112659355,-118.75858067892298
79.47138052225606,-119.61153593321609
97.85966139873118,-121.49170932211328
95.34681620101931,-121.25672105224004
59.80841080553222,-117.04380724545081
89.36887733999895,-120.67182726867637
92.18750216542907,-120.95233077585752
85.52815365097268,-120.27502139272343
92.2995393764286,-120.9633024807541
90.696936474895,-120.80507863230912
49.993412756645654,-115.42453809793534
96.8813473292719,-121.40094771454866
90.77184558513406,-120.81253642626962
70.14696491957565,-118.48413698744892
64.44853269971945,-117.7187832920689
49.716719547998395,-115.37440345065696
71.55633858041939,-118.66383287530459
59.74802413656198,-117.03468197391473
66.16767686607876,-117.95658662828805
42.40028029570419,-113.93642171434414
88.07162206441573,-120.53974087766198
77.31333609795787,-119.36284398401335
63.195338108274555,-117.5414010488833
70.54863578946504,-118.53571547945623
58.868870362086334,-116.90077478597195
63.51563975042812,-117.58707025789587
93.53407843184505,-121.08332550974907
64.64373649837033,-117.74610236784349
77.36958593587619,-119.36941385087917
36.12326589381282,-112.48912194371051
95.38861653133182,-121.26068042128648
56.04814950425966,-116.45722677158324
13.5223738757316,-103.61305332059393
87.31737581936832,-120.46204622504399
39.27703928540848,-113.24523803696141
44.80310983869632,-114.43436190746294
70.88080799210104,-118.57814829929714
54.70937343225968,-116.23883639275826
90.75484063993036,-120.810843989702
68.9980942970176,-118.33496377390819
73.5807809288299,-118.91585155023051
66.02192161640794,-117.93666592163603
55.11143455331399,-116.30497987066218
83.37019409011475,-120.04417708158851
90.61727642310699,-120.7971410835651
96.99778093448471,-121.41179759569579
96.4811218741465,-121.36355295147243
46.07486013711759,-114.68720391217792
50.24485423318208,-115.46985726524463
60.671923252445154,-117.17329762908733
81.73568367601153,-119.86531553247315
64.7323150223422,-117.75847187101638
96.32935361977562,-121.34933201995943
83.12211609556503,-120.01725726935771
16.962015518607213,-105.66028326956474
35.59311933590384,-112.35556603473373
64.13957060717958,-117.67537398183359
61.17559217087834,-117.24797836497797
94.06857313038543,-121.13479895605838
94.08988545679765,-121.13684532886586
32.933122121475556,-111.65391659588144
45.6692335954064,-114.6073256290727
69.38284815411059,-118.38519635097853
87.14577238792647,-120.44427570878835
50.005034122703655,-115.42663772213737
64.3549474408569,-117.70565653140562
35.007512829541035,-112.20570631857434
98.19234901075548,-121.52236729165571
61.017300424955565,-117.22457435856475
52.670805871497215,-115.89580741454799
25.986488215291526,-109.51390212309518
90.00510701330833,-120.73590895453052
46.41342319156562,-114.75333907503787
77.36412954848633,-119.36877676513862
19.969802212373803,-107.134926461046
69.7814005005406,-118.43693755379135
98.85404829517933,-121.58303693481236
22.037423764239122,-108.02489729714677
72.58936482104914,-118.79331050157825
72.95795948100961,-118.83906390272404
87.63642255348282,-120.49499270728538
80.50676875276753,-119.72846601718066
85.97624330136655,-120.32222424960094
95.62730151680502,-121.28325571494767
31.589333898595985,-111.27759392202748
38.94463581813775,-113.16846323774801
85.93555272713553,-120.3179479729763
83.65788538919588,-120.07529534202317
92.57661957906043,-120.9903796060209
75.71384094288156,-119.173997970805
80.89620938758469,-119.77205815875197
91.98442278095847,-120.93240935873428
76.03931811192602,-119.21274702416844
55.886996108543734,-116.4312161377967
66.59226509643835,-118.01436695857393
75.95111880315615,-119.20226303390936
61.422892825882734,-117.28442172355051
71.81967991186332,-118.69701625690226
88.15724745900694,-120.54851903188492
94.5242631192054,-121.17845282927001
86.28552790084751,-120.3546617585892
49.77068254177539,-115.3842029892999
85.3344096254567,-120.25453529548656
34.930536628686845,-112.18582153931726
94.98370679630334,-121.22225375532585
77.17812261982102,-119.3470317488952
66.39544506189101,-117.98762853772922
71.48401602403601,-118.65469820515796
68.69590349034107,-118.29531364735439
23.235142988670503,-108.50297544922722
77.07202150520912,-119.33460458350783
32.16684684681475,-111.44124879938676
86.50008857268415,-120.37709646542052
93.74824576570651,-121.10398569784368
33.14925156187624,-111.7130057108196
94.16911270506257,-121.14444853029991
78.9583943511539,-119.55303699111818
79.56546911989763,-119.62222443721251
59.64630698809916,-117.01929021625713
46.308094774490215,-114.73281598014336
91.33927056979228,-120.86882899228257
7.944533117055774,-98.80857447918957
9.366893127711828,-100.29633993533209
72.94629028884964,-118.83761896046542
83.11554484822597,-120.01654310851075
82.72379469634868,-119.97386550113055
21.02508559146725,-107.6000978473836
77.06731047867261,-119.33405240471859
84.26215340346177,-120.14030929862295
93.76614739604778,-121.10571048543648
61.804568317711485,-117.34038018996742
96.78169043723895,-121.39165081198686
40.74414196507367,-113.57650784920283
77.98341638650228,-119.44079913298862
12.362804806552113,-102.80318603671509
34.375519171404314,-112.04113691341473
8.05009281605603,-98.92781064517123
40.54796875480938,-113.53290952624837
79.34258418282666,-119.59688407966021
82.51384293598133,-119.95090991328183
48.075353612794956,-115.07113991675766
50.694607508357755,-115.55035689187895
75.75037454784399,-119.17835569900566
33.645413839474394,-111.84721037008325
35.0565190196086,-112.21834301427562
46.260613721650316,-114.7235490942411
57.028060066870125,-116.61379502642853
54.913609502166956,-116.27249599455158
61.474059987220045,-117.29194362910235
74.01591198590529,-118.96911414932418
82.80964062178155,-119.9832348980936
77.92573485294099,-119.43411503431082
82.0485009818578,-119.89982172000524
79.49822525700239,-119.61458679593443
24.681236789964164,-109.04838408798743
73.2401162445413,-118.87393189891267
98.25541644832259,-121.52816739523848
91.80443542334237,-120.91471639439314
92.9651790801735,-121.02821463293998
40.49579987231035,-113.52127979689992
91.54643269874704,-120.88929383619109
86.27231588752585,-120.35327847272046
97.04656265916488,-121.4163394564388
60.21259684354216,-117.1046492231383
89.18696908064237,-120.65342140777545
88.04445443537824,-120.53695391992963
39.61439618846026,-113.32249542691439
21.096044774820676,-107.63053378211036
52.135104355229394,-115.80346132161839
85.6370845835099,-120.28651915574486
97.4895178371067,-121.4574769676588
72.51938717589688,-118.78459798951616
34.79014648414896,-112.14944233328575
87.01908342087874,-120.43113387442557
92.81055132507703,-121.01317711302397
88.46376222963174,-120.57987261086697
94.92864737495098,-121.21701586887232
51.50780545195111,-115.69411155110055
61.38335938878157,-117.27860575896506
76.62796631613037,-119.2824080133228
54.79338827990841,-116.25269784391205
81.47560693082568,-119.83652635003185
76.30782973416005,-119.2445895017708
32.24914539325282,-111.46433095380364
87.78674796375758,-120.51047456921697
91.85867769325695,-120.92005212099534
79.93363986171065,-119.66392764140886
32.52217774058947,-111.54048825550112
45.642260024495954,-114.60198870956995
76.39657563702677,-119.25508914244799
24.219342110041538,-108.87772889123636
43.91801678870513,-114.25412076460262
92.9789851809193,-121.02955605711244
76.65420534466983,-119.28550068454601
59.84130939901209,-117.04877480745233
96.4795386578393,-121.36340471703164
87.78556901970563,-120.51035325413466
67.80193004377065,-118.17698695831368
78.12533209794559,-119.45722321096508
57.73591084698942,-116.72522943118986
83.591521979354,-120.06812661951537
62.76764641636786,-117.48005774219831
81.91153190727874,-119.88472918236343
58.38745266455305,-116.82659836710368
66.32015687781916,-117.97737951327045
95.94679658504995,-121.31338615077524
48.871545481543045,-115.21951850060427
70.13228982615264,-118.48224697324403
96.26051724587973,-121.3428745528424
39.23559901039873,-113.23570215778561
98.50540053940595,-121.55112103860182
74.02429237025221,-118.9701368814626
98.31737792707321,-121.53386216301348
26.64524519929904,-109.74004237992612
91.47406432460785,-120.88215007793227
56.52987850968264,-116.53453566413799
62.918389544975966,-117.50172621711602
43.007083186373066,-114.06478395077693
58.42540422300367,-116.83246807685009
60.04318634827707,-117.07919778834219
52.893524973268995,-115.93392440063326
33.8791995839501,-111.90976151976938
95.59375895973258,-121.28008659927372
33.66322060150129,-111.85198997310614
79.86668731531559,-119.65635814299534
72.50228521430122,-118.78246744476067
41.568371098997886,-113.75742271654967
45.025885552315025,-114.47916725321977
34.63094048319757,-112.10800932875472
96.08620207627244,-121.32650155667068
84.91525742157816,-120.21005537500679
20.64585278762084,-107.43567496823519
71.13270944528983,-118.61019468725374
73.71870757705754,-118.93276860333393
83.66494667272252,-120.07605778274743
84.19334003732752,-120.13292914689387
59.750400482142986,-117.03504124731182
97.4098908415032,-121.45009575913937
38.58475876617034,-113.08460059914485
87.73947813602003,-120.50560915682786
84.6110696041875,-120.17763763221984
80.52200174908518,-119.7301750858129
12.86306237937161,-103.16151519603042
76.72523468692552,-119.29386727128994
49.96481456140511,-115.41936920263987
84.85004454531023,-120.20311533316968
85.67733081993755,-120.2907634844957
14.712143509549236,-104.37481199392994
85.6892253567332,-120.29201748903228
50.72737924300627,-115.55619463489714
87.38846108336104,-120.4693972827427
84.11324621248929,-120.12433157933691
72.00915151878687,-118.72081620881767
30.054364788673126,-110.82762929129869
79.03858266239878,-119.5622063710708
92.8903392396196,-121.02093959841793
44.25035946224674,-114.3222216824652
65.86616077656892,-117.91532905856235
91.70524664408649,-120.90495119204837
23.992314601490545,-108.79265284871549
63.02446158748356,-117.51694238024152
80.34010156537853,-119.70974561007995
24.395510986657552,-108.94319850067922
93.43777717532237,-121.0740201451132
29.572229412892796,-110.6815407671321
89.12074829154501,-120.64671172677231
32.558271736344686,-111.55050812593305
98.82458346932604,-121.5803440250711
69.65478540471175,-118.42053211863441
55.01931362603395,-116.28986767894719
87.65766305914177,-120.49718185583308
81.20844379811527,-119.80685689412331
98.32408403208356,-121.53447829378229
31.8491360399384,-111.35158342270111
29.24729406225212,-110.5817345672503
52.072433424283425,-115.7925959469705
84.70706011933507,-120.18788005145777
31.786526181627632,-111.33380800008193
75.29955869153302,-119.12443474385776
87.42686513393939,-120.47336622862252
96.75480475496241,-121.38914103094342
78.96321015716636,-119.55358793210021
80.692022336414,-119.74922866180506
22.101160628612952,-108.05098586490337
94.43440976403103,-121.16986180109953
32.801785149182926,-111.61781975745726
63.83731585391079,-117.63270423671187
89.17081414007848,-120.65178500223323
19.336173050736942,-106.84365908316953
34.16371399030803,-111.9853057905024
68.7447800628971,-118.3017384989036
18.949127344687017,-106.66100783997402
94.84038855733571,-121.20861333199969
95.72285367306937,-121.29227743509458
70.59109686987183,-118.5411507279579
48.17220269967008,-115.0893194867779
75.84360223603814,-119.1894663796717
52.68532617852552,-115.89829738174802
51.49724052699792,-115.69225850783471
48.445490455887764,-115.14042200609285
72.36097595614825,-118.76484402691736
92.01181545219323,-120.93509905404773
33.64649288133351,-111.8475000731551
82.25057938886978,-119.92204267081723
89.91103642343033,-120.72646266145702
72.36819660664895,-118.76574538610015
33.954338908248154,-111.9297739869402
85.4059460124627,-120.26210481804665
32.58475330159093,-111.55785247643985
52.972403614335114,-115.94738551242446
90.09821353606247,-120.74524872209099
68.1845781297962,-118.22782426234673
21.27287548559293,-107.70593710062806
80.33672839392307,-119.70936632758097
56.08823830699017,-116.46368560649643
37.863459720236044,-112.91413430570198
71.1875814364029,-118.61716033583247
39.04861534278067,-113.19254946072759
86.15479143193286,-120.34096443683597
88.78021684702702,-120.6121291707777
44.90059168864363,-114.45399511290745
96.81747488982015,-121.39499021276632
51.27131000849672,-115.65253999222034
86.07167283006085,-120.33224524929005
16.39455563378324,-105.35290489685401
60.10221396811122,-117.08807396218879
73.45037646377601,-118.89982792267827
60.60059287261865,-117.16267113902694
35.545373296708945,-112.34344023479089
84.71174508814967,-120.18837965180523
40.357568201540644,-113.49039195920989
33.61021665491263,-111.83775546967446
36.15787691842285,-112.4977729598222
24.74416612956341,-109.07138689481557
59.84121541111898,-117.04876061952965
55.94890044883635,-116.44121654219171
60.957476956679216,-117.21571343010271
81.17069730714782,-119.80265713875104
95.06889061930525,-121.23035144237625
65.3554595445146,-117.84501513311824
75.92897146586316,-119.1996285332099
76.71185720773373,-119.29229212255603
94.0736340602102,-121.13528493978032
37.60681895030338,-112.8526974455895
71.63071248103398,-118.67321701566976
65.26722817469401,-117.83281169750313
59.54876519389693,-117.00450559587844
93.25568318604577,-121.05639858788422
59.192437005385415,-116.95028956949929
96.66383510476308,-121.38064383029189
76.64366611593596,-119.28425860231744
55.81098272611988,-116.41892130994137
78.41835142880761,-119.49104050648504
81.71509712452601,-119.86304004605608
57.27420334650953,-116.65270056805477
96.78973956059113,-121.3924020628202
8.393233960590686,-99.3048822277137
70.05934806560474,-118.47284688755025
28.408180934014855,-110.31877542785067
84.39508883837347,-120.15454941366355
97.02704880791597,-121.41452287803892
25.674427039738507,-109.40476799871418
94.15257231003818,-121.1428617266564
24.789424517586518,-109.08789423242368
41.31856319531305,-113.70297256975515
59.4663123695751,-116.99198914313794
10.266418151258051,-101.12466632168359
88.24371067631934,-120.55737443077467
81.46815329338506,-119.83569991603946
90.87266989008043,-120.82256457193839
71.03163477479326,-118.59734982760469
63.55608532108314,-117.59282067964725
80.45992571513965,-119.7232084276315
51.335895490864765,-115.66391193712741
83.46675874041928,-120.05463399744454
53.616292710513235,-116.05652523488229
49.5648630235631,-115.34676951479926
70.30625328958236,-118.50462643277248
19.53559587597471,-106.93634676329977
61.75784401666864,-117.33354840642889
58.175228581929815,-116.79370462690426
88.30699344234483,-120.56385023424303
70.75564848366574,-118.56218338649239
84.95513230935815,-120.21429628876174
65.55055173016389,-117.87194029032287
80.304057833265,-119.70569199541836
55.93908647128606,-116.43963187070702
62.54198503067868,-117.44752273483485
40.06403110987765,-113.42444878443544
21.700215856148148,-107.88560450106787
91.1690814955914,-120.85198183230364
94.72421930090503,-121.1975416998259
85.71484530652235,-120.29471793062021
85.34526587003002,-120.25568444212965
53.48536354600437,-116.03443918402601
27.947128814090945,-110.17096587144412
41.654205808659604,-113.77605643714796
60.80596221626447,-117.19323241869171
60.33658650515329,-117.1232315030268
40.48087073400328,-113.51794896686816
45.256766517006305,-114.52536942696543
59.54707760201,-117.00424959086595
66.16329747474701,-117.955988726453
38.88873866482485,-113.15548841158606
70.56586948093339,-118.53792187971698
65.13203616107351,-117.81408101109261
23.68256974533494,-108.67527173995039
52.49647776653263,-115.86585962364529
72.41964261121053,-118.77216482730083
59.055718066245106,-116.92940083443088
78.97044637702253,-119.55441571167339
92.71434403263652,-121.00380832359306
73.80415508742247,-118.94323308623575
91.68392346426607,-120.90285053126374
91.24962830552037,-120.85995914535329
47.863823244960116,-115.0313058100605
68.63858573418966,-118.28777337155933
91.34671509030339,-120.86956521487465
43.97031944163568,-114.2648722920525
82.02856180815658,-119.89762620238008
72.6225555935494,-118.79743995660897
61.47651882261527,-117.2923049362229
64.39759910232334,-117.71164144360799
29.64006178914701,-110.7022375573087
49.35317653348418,-115.30810647946146
36.417912166939324,-112.5625050984824
30.08874085025597,-110.83795566785344
85.28271463558619,-120.24906131188447
69.88170349958327,-118.44991263083148
44.828715412751954,-114.43952309844894
88.00306160821394,-120.5327060340748
93.51901545954672,-121.08187064230935
83.46249302493294,-120.0541723216759
92.32652551209733,-120.96594321885254
73.06024752449153,-118.85171987670628
37.69736935469596,-112.87442191177541
65.6809172444735,-117.88988773060197
70.38213579661699,-118.51437096728239
82.04832608657206,-119.89980246447146
96.91676130790714,-121.40424915017445
75.70235825559742,-119.17262788161474
65.13550866273265,-117.81456260820687
48.81672123042248,-115.20937920017084
47.87192343291601,-115.03283442679754
26.55018975302033,-109.70775887006475
90.37097975252982,-120.77255518669821
48.90665335288174,-115.22600544426084
30.547678553227538,-110.97469898925988
80.78912461655716,-119.76009255023737
25.05107605175154,-109.1827409972155
90.56788143371662,-120.79221572411612
89.01791274908238,-120.63628224450977
65.71926486485106,-117.89516027331379
74.6870170159568,-119.05065055476379
13.418810154960989,-103.54360356084337
45.34438763937568,-114.54284183885585
78.06465739297418,-119.45020490752313
96.63097464059177,-121.37757246729865
41.78805425442989,-113.80503689806643
97.0898029937319,-121.42036347337213
89.63794239931009,-120.69898326218609
52.981826201537395,-115.94899219287541
52.72323735079003,-115.90479522123985
60.135100230975056,-117.09301539517446
84.85727956292659,-120.20388555646451
71.49810812568765,-118.65647882687514
43.371969721138875,-114.14110241534073
88.91587542736778,-120.6259218017577
92.5056314135884,-120.98345015477705
97.6278759317883,-121.47028806411632
80.54853313467285,-119.73315100734922
50.34784958459474,-115.48835544246106
49.1278378921961,-115.26676732802133
58.44422534622793,-116.83537759798497
89.21954447360208,-120.65672021246928
62.40286402243744,-117.42740624597181
52.743135148007674,-115.90820376315466
11.091196277205162,-101.82270271162926
55.32429984273649,-116.33980344982393
84.0410684452027,-120.11657673478021
24.38340070066422,-108.9387131134333
84.99571518017244,-120.21861045703989
67.6119173734826,-118.15163582315878
52.66526603480888,-115.89485725292468
88.14776898094199,-120.54754773592526
64.040579804886,-117.66142148940537
46.74340902969224,-114.81733613873342
81.426555073163,-119.83108625775768
79.98394466319843,-119.66961081438183
76.91430372377454,-119.31610012852687
90.99326470300744,-120.83454452109763
96.78364275235442,-121.39183303363873
79.01967932267522,-119.56004564863585
82.08326725361071,-119.90364858481792
96.18503925360626,-121.33578873284438
55.72154044238284,-116.40443295465295
25.78465284110343,-109.44346698194133
91.62728012739397,-120.89726791885408
77.47763512559311,-119.38202038811733
81.10180924712094,-119.7949874687516
58.705792976351475,-116.87571612171897
98.60573155530359,-121.56031709734552
35.58571325179588,-112.35368621838413
95.94233842180864,-121.3129664080059
34.8674336626126,-112.16948783310633
94.26986660407657,-121.15410834513659
39.18652378854589,-113.22439635576286
71.94282669418332,-118.71249213073449
80.45288673021527,-119.72241811840578
74.79980812431337,-119.06428224379738
89.05706187615506,-120.64025413110988
50.814236647170155,-115.57164862121346
57.60193072417978,-116.70424262320506
80.26738815073008,-119.70156611647505
43.835457401617624,-114.23712346573234
97.66041192684615,-121.47329805750377
97.15189765081654,-121.4261389711086
52.53933897533301,-115.8732319519057
34.40630495283091,-112.04922329373396
54.38472815378706,-116.18507299039587
84.97319230178829,-120.21621641345132
34.53636694667393,-112.08330650086963
65.98246499215783,-117.93126572943262
94.26086893086578,-121.15324611004053
88.2915086748719,-120.56226608784002
75.9334693501143,-119.20016363393728
62.94945554241987,-117.50618532680855
91.25045621744667,-120.86004110474204
97.2207923981487,-121.43254263496439
63.796945927210174,-117.62698986685206
86.29108783268876,-120.35524381511345
72.7383873007326,-118.81183647444689
83.01019059662363,-120.00508552978638
59.488720000140624,-116.9953923689242
81.5647576545972,-119.8464052234514
96.41201038599297,-121.35707986900883
63.59240044872918,-117.59798073114919
84.11808985608864,-120.12485174649404
43.731273378607284,-114.21562834769747
53.779749657027594,-116.0840227266988
92.78279319781777,-121.01047498818596
55.37054723963781,-116.34735154826342
42.91949061901285,-114.04636700739911
80.03208540124787,-119.67504615678158
98.15768278600298,-121.51917756682752
62.613117576756935,-117.45779100961562
96.57505300725815,-121.37234324830177
91.95758822700155,-120.92977368835628
84.10098704633049,-120.12301491269184
60.856012840303826,-117.20066487390028
98.67941876082658,-121.5670651016651
78.73032573790462,-119.52690678482105
88.58391842552611,-120.59213382951458
82.3178939405526,-119.92943259501402
64.723316294529,-117.75721602089632
48.76491585521487,-115.19978774709583
32.56920635719168,-111.55354143814249
64.20413310694403,-117.68446229843872
75.98647104317148,-119.20646671105766
13.164264349772726,-103.37060135049944
43.26242902531878,-114.11825889654918
29.221969484058953,-110.57390942455483
94.34983297671923,-121.1617678027215
69.43871094297545,-118.39246650080588
80.65648296277384,-119.74524921712498
54.01749640068464,-116.12386877503613
97.52824247439082,-121.46106445883694
50.805018857899796,-115.57000981195165
89.22232189837965,-120.65700141756776
73.0942223308982,-118.85591961800071
75.24457930263985,-119.11783672245136
69.70108360259974,-118.42653440181277
78.1551232347785,-119.46066718648305
47.587915592820224,-114.97908317849226
91.95572952898664,-120.9295910999079
93.10371495755597,-121.0416659932358
43.74835070449121,-114.21915522706476
85.68111609436637,-120.29116257325492
70.4945622555161,-118.52878903636855
92.45847961458776,-120.97884453110109
97.06006238543416,-121.41759595572614
35.400676623986044,-112.30659268887939
91.78643511415503,-120.91294503564245
87.9894955254801,-120.53131339748171
74.97261198848713,-119.08512712560491
38.724647187714815,-113.11729154975745
89.96377334793817,-120.73175956550517
47.43530604304973,-114.95006768403044
46.636538978281195,-114.79665948655827
41.12768718306063,-113.66114536308952
90.57100210589331,-120.79252697751616
88.3673256123035,-120.57001977984291
86.23053163354952,-120.34890230423167
90.65875942873744,-120.80127543575227
74.05921557573822,-118.97439762167912
64.64362569822097,-117.74608688460108
73.69133458716679,-118.92941375560119
51.894883213840444,-115.76174259025237
83.50547837013605,-120.05882352044657
63.537721034704276,-117.59021015790319
43.125021388436615,-114.08952210867076
73.23353468291695,-118.87312010257529
67.06277363939002,-118.07796761720397
91.11549406721619,-120.84667065684232
21.946695336383634,-107.98763018460572
66.15952430879695,-117.95547355855228
50.5382852236832,-115.52245862439995
74.30139699459211,-119.003889350311
47.09869639345048,-114.88573702605026
47.27741630702377,-114.91994985781216
66.66021276268377,-118.02357944648318
94.94567852100192,-121.21863639214104
98.55890381993095,-121.55602616382944
46.40251006399472,-114.75121483133205
40.23075776062136,-113.46196300535425
60.96862394430016,-117.21736515789487
85.62874842701063,-120.28563978346719
95.14323151355022,-121.23741245932709
91.02881946375933,-120.83807351839127
93.95350193935604,-121.1237420030721
89.46661950774798,-120.68170155977421
97.76754704714439,-121.48320233616025
93.21142809975477,-121.05211074761024
93.26925574069759,-121.05771321424149
71.35519021897092,-118.63840399937956
64.1818066237635,-117.68132048421631
7.9188419427947565,-98.77931501397454
79.61712729312973,-119.6280874537251
32.59515442005017,-111.56073547182334
83.60965181103326,-120.07008560894991
87.41497331732462,-120.4721374306632
64.48517633430383,-117.72391792877434
89.10630231858485,-120.6452473567818
59.5951211168654,-117.0115348805914
11.68083026511547,-102.29060541528585
28.829023718981592,-110.45161483802002
69.18054149714962,-118.35881848694996
82.28765975509958,-119.92611417437746
69.89047055876732,-118.4510458420375
14.48067149789635,-104.23155717028318
95.79441038505209,-121.29902768901584
79.30278897144049,-119.59235217195709
59.92646488202349,-117.06162028791411
96.65368268792898,-121.3796950276774
70.62423600210992,-118.54539044553732
44.59634545557386,-114.39257701645738
82.44274624616445,-119.94312314266068
78.77452014174699,-119.53197612006872
93.74294747193215,-121.10347515428182
95.26292084569323,-121.24876915964433
75.97907007755911,-119.20558683620044
82.40705409882872,-119.93921147544393
77.01022092305269,-119.3273582613001
95.77447979536534,-121.29714805710881
27.989802300322445,-110.18474866383751
83.32374315890307,-120.03914262879007
47.407007788985034,-114.94467710825296
56.24179394343178,-116.48838281062143
71.78951913033265,-118.69322190174412
51.76292937709645,-115.7387441777667
50.41575475386788,-115.50053066337131
57.51631859374251,-116.69080665862984
5.991292777682065,-96.25957947192379
75.13953708814117,-119.10521729610684
53.66258763493218,-116.0643216834114
86.17098555285503,-120.3426622299809
36.11506954321949,-112.48707205425984
86.02452817902555,-120.3272960060934
96.26734618306551,-121.34351537448202
60.37993606809898,-117.12971927634686
89.10670577783529,-120.64528825815776
23.102256779331025,-108.45116383944637
41.43853793497673,-113.72916419769878
98.11974983918296,-121.51568597184388
72.5655077507707,-118.79034113964323
87.5085922464118,-120.48180668604968
51.279256555874184,-115.65393996004917
70.50185772793121,-118.52972384556517
80.77051071150137,-119.758011022157
76.83289843405836,-119.30653428907974
30.01653351900915,-110.816251329014
78.26013368477552,-119.47279635735674
43.51413391278262,-114.17066333407428
68.14569207856026,-118.22267103619285
33.87120684174958,-111.9076301365388
73.06203692547696,-118.85194111936096
45.41597649194938,-114.55709223390406
15.790194180827518,-105.01361157307412
44.76364672400893,-114.42640174040866
53.99476772920094,-116.12006706814483
89.90409550251567,-120.72576528304026
42.8183873079604,-114.02506254931527
29.302602200446515,-110.5988009185274
91.91016246272734,-120.9251136828843
72.97601273481759,-118.84129889861083
44.06917468165311,-114.28515845833093
53.318032470643224,-116.00613376833908
27.9938741612282,-110.18606270558027
60.712552949441125,-117.17934488145258
42.96526160001377,-114.05599535668452
37.71578668266613,-112.87883413174745
40.753783929439905,-113.57864530238007
42.76334043749869,-114.01344192970183
94.54209023403159,-121.18015633836768
83.22624251525632,-120.02856616286459
65.24585300528358,-117.82985277787645
61.803321537120205,-117.34019795929302
65.85411381705681,-117.91367670695792
82.51399283369504,-119.95092632354127
24.950138200349006,-109.14626965581628
81.34677727208667,-119.82223150409422
78.6879020005573,-119.5220378769259
69.99925265369802,-118.4650949689858
46.417565767427085,-114.75414529794821
22.973805436465614,-108.40079730612119
64.50118864831471,-117.72616071530149
46.62083159929252,-114.79361651283344
57.620621208984666,-116.70717325139333
80.24948513325427,-119.69955107871976
89.24947794490707,-120.65975041659368
90.49589191229917,-120.78503256669148
40.877437344579505,-113.60601234040483
86.5109598752866,-120.37823169941885
64.23206121134625,-117.68839084296246
89.18547900104545,-120.65327048341743
45.04057204968533,-114.48211325358105
58.637833738754466,-116.86525286979841
95.99848221063668,-121.31825100683758
46.997100517138136,-114.86623033225808
46.82593566553459,-114.83327063388043
83.27231141342683,-120.03356506934958
55.8147604638277,-116.41953273759884
27.40198969918241,-109.99301983402242
52.26563205884584,-115.82604928128842
49.37362455798316,-115.31184839464717
94.89929877764372,-121.21422265078385
8.61903396830215,-99.54469090030713
62.82589123387423,-117.48843626909846
82.00864857018055,-119.89543300785596
36.23373387196238,-112.5167044568594
45.66598818653797,-114.60668366788332
13.885942734298213,-103.85271987412098
83.12668979940615,-120.0177543045582
83.83547563730846,-120.09445109911186
63.56513132921131,-117.59410631135671
