NodeID,X,Y
0,69.34848887618544,179.88296363651207
1,58.31699975470503,110.04987511037048
2,56.416776219465625,106.39000325434831
3,154.69843660086838,99.00137773161829
4,58.246050501441005,123.14622544437835
5,144.8912764076035,44.89502158568652
6,119.698736924379,203.90278605357605
7,18.300475827024997,102.16655238357045
8,152.98256960643602,106.40674410110095
9,202.4768979831437,124.28036412588862
10,166.73630795427096,156.23663887037245
11,24.699234009020586,85.4030146217957
12,25.474298877716294,103.40962225901272
13,148.78636036801376,18.809055065377024
14,81.3971005337923,37.25789614171178
15,144.1881275238953,65.41812905809334
16,55.80289199788474,34.20285667869764
17,199.5749627735617,101.54811693528913
18,69.43041551047759,74.37582043814515
19,59.066385677861376,94.7510630717373
20,120.85920550162919,153.32723687989017
21,73.87580318274557,167.89781906261095
22,106.48509560588373,53.42061347549194
23,62.521959350743025,137.60443432789987
24,188.22561178494718,74.67758484895444
25,25.543081392207924,119.8296928512033
26,133.8233979756886,131.34619598988635
27,114.88072228522455,199.81543861195516
28,143.6286948609216,126.37412010558718
29,188.950164770704,72.33695200529888
30,185.6896639300615,160.275431515091
31,192.93844605907685,142.8347107409415
32,175.07692943761123,59.99347000126482
33,28.66231093980106,131.17498380396026
34,156.79569807561546,102.3581904819679
35,72.38549838704085,115.74010031597196
36,99.86504323250412,109.37764763786888
37,71.1867405488629,38.69188090636635
38,112.6215877775635,13.028038861598205
39,74.10180056755452,167.12051739262284
40,182.56311713149768,122.59463609256595
41,100.91690747111906,117.5695878586901
42,130.2606570706947,199.24087605431885
43,172.1384871714622,165.37137711662578
44,97.48634468097357,126.79303056216541
45,125.01757744253052,71.05617496414854
46,107.31208537268766,11.21471420728551
47,118.02133760213836,119.41954677504533
48,67.51460731325048,39.93801522883997
49,66.69709426975074,113.89478893753886
50,128.13936893608627,29.462853193820465
51,76.31473797334235,42.87311541261748
52,79.08559326940184,101.19198337856294
53,171.81344982897943,175.35543057145685
54,102.9913869935407,29.258289811055292
55,56.06055990812925,153.4615958744395
56,10.27616618859878,111.08375983095283
57,151.02215507084867,138.96521521954497
58,87.96124248272523,191.4207902224079
59,117.99667148359363,47.01222027804214
60,140.77664487831052,147.46261185436333
61,207.13502198908915,117.33409240414748
62,137.82845661401845,140.81963355252563
63,64.48088906253415,43.277815689298706
64,108.47990620251879,25.56882451785289
65,117.1498769679319,103.41428449351868
66,140.10669729336763,61.83428038370173
67,163.5826858448247,103.98767179490915
68,43.46842028415571,133.02034771019333
69,83.36032766265897,39.5492820613879
70,122.4325729429907,120.17053959542771
71,146.85970496081703,73.96370603931257
72,81.2898357846245,64.50126911747844
73,101.15687120838074,63.50253706272321
74,31.171021851936715,99.69186471484028
75,12.963037693054645,85.25301731928067
76,79.80086383900165,122.20966301439005
77,122.36331863077592,155.0585167163873
78,51.220065474330845,181.1725445851271
79,167.69288765230868,63.41045315959735
80,121.52565948975423,206.66024375326973
81,66.67744469239048,136.04618390292802
82,152.6559479400439,50.757592455359195
83,61.11472591680178,126.04356272747418
84,139.86305782676277,161.79315525975682
85,200.0070474772993,140.99673746153113
86,186.73449583617827,136.38790059876425
87,165.39714939172705,189.10814968200165
88,170.49190848811287,81.63802076499059
89,76.94761069760034,122.25920188597021
90,105.11950130084081,21.96988428885804
91,111.60690785244603,32.718349225891245
92,66.28153907191347,57.389728390605214
93,120.20056757288113,135.95710139955858
94,52.40286154232495,113.14939812594884
95,134.78270831576097,19.547674203853944
96,106.06922948544604,27.91495137932263
97,137.46356454104492,192.1725404967438
98,109.94409310594095,60.39520367197237
99,30.11865592942027,163.59746529099232
100,153.32137496704,163.69336985790324
101,117.51799766281283,40.54446849282611
102,45.04613121527799,63.37367771192393
103,96.72331757149308,146.4678674105034
104,144.276534810307,139.88991528390932
105,105.62355273661923,26.605128020238283
106,117.86564024208998,106.50106710924024
107,21.79721737257539,63.00301274700831
108,53.566424365502684,130.7837524325392
109,176.53714086138808,44.17935490746375
110,143.93036112048503,153.8743654048128
111,40.1470252179476,67.26301646617375
112,128.6886804136799,152.54906495830193
113,60.579281385169985,66.207049349675
114,172.2755448851517,72.13715832441306
115,187.21224901266265,62.83968448509691
116,57.66077741975175,32.02758423178622
117,128.63455823200496,30.704253927307732
118,141.98490925859667,139.42322759851106
119,73.02864543994966,127.33961087307873
120,77.11156241446582,73.09340282895072
121,75.24827818580982,125.26859210574902
122,47.04595314114549,70.14666887263233
123,82.25336279732,88.56140730041392
124,43.381363334526256,135.7238897442536
125,159.8347018025499,127.95486843584773
126,43.59542812832238,155.3452060940599
127,155.1615108338606,132.65722339313638
128,134.70072925257992,105.60636215969188
129,117.87135115057045,107.97909445720016
130,142.62284696163894,181.93743628366295
131,68.20820387376783,114.30233927820063
132,72.70086704477299,39.401439803665895
133,105.02749807200185,119.42211522203996
134,98.25043288838677,23.8193418427346
135,39.470988538057725,69.59665623607296
136,150.6134102050235,88.98379742588567
137,38.83576389526692,57.99039731218458
138,152.7878439199025,151.04437229542057
139,39.719250573055135,81.64626517029247
140,54.11614239036009,58.76634143821372
141,202.4069132903726,99.35399822683831
142,198.21477668307062,92.11670174129519
143,165.43108951753942,172.0165360551634
144,81.25280387731691,143.9852333884555
145,12.821202928808873,108.33675528759356
146,166.24091993966306,134.18038004045908
147,205.810365898962,97.22182391495258
148,79.99475472386655,160.51119940173925
149,162.51087895500552,27.97437906897335
150,104.9873412384389,28.276387336524394
151,169.52685599383045,178.63631645498523
152,116.84444657795169,205.2596820547226
153,125.8838686108707,91.66135786684607
154,138.60244976243533,74.4888430329499
155,169.3691607679691,121.85143374706807
156,36.73153299058269,83.97698048835323
157,145.73804971621172,38.96246441808373
158,106.17448902789957,25.945616347310363
159,152.04795409751517,170.53475233776305
160,148.23634355965103,31.02571665369925
161,45.85677869678649,167.79500480233884
162,59.45081988396537,134.43543157901053
163,185.82245746138085,136.77654338540273
164,134.67561876199147,17.84197331010806
165,140.71915160885808,175.16532708684338
166,62.83791615558147,181.37837485842482
167,95.86226957942056,91.55616163499914
168,116.7036299913904,163.4225640450939
169,180.63318052082883,149.2036602785798
170,173.5702547261685,84.88450844286407
171,49.998383923750346,148.42045458736402
172,86.24164455434487,77.24066190520057
173,70.50112778277736,37.48024453184365
174,191.77903692621337,80.52270696722167
175,123.77368646292675,186.2950161486711
176,115.94201102613303,34.70615457859165
177,63.81363367588184,59.23362112042222
178,62.202018159002215,85.73956442190581
179,152.26194622710062,26.837951991626483
180,77.57086524447408,96.8059806152796
181,58.11981806306582,160.60775973414098
182,193.19140915149106,111.09991572123991
183,181.46079252592784,76.79903017739437
184,176.40598771107395,115.4341455596533
185,163.42837353265548,183.78275250199334
186,106.39431556220774,28.320510308887748
187,159.04879255891248,67.06000267767736
188,82.06169494817695,35.70729598183868
189,20.29176573579349,133.6448870205991
190,115.24447018418829,66.10742195723897
191,147.849664781524,192.15098842513066
192,62.4411797845513,123.56856772632872
193,49.87727910989505,46.252183106228976
194,181.25354522780142,171.95036056368616
195,15.272957566872549,136.58777608039898
196,55.384521979682205,182.03833037686678
197,60.460836588572164,147.14583842646178
198,54.81011786526596,87.37819470580935
199,73.48342373329825,140.1906983508317
200,174.64535200409415,144.89561469866527
201,76.19507432565968,99.54763828489587
202,50.83901061200213,103.08744062738924
203,186.45688909487797,157.3178223963503
204,86.72156296867742,139.12114113511976
205,166.02397986259126,57.205361637401495
206,117.93550979061588,115.86693953886471
207,106.18832111925228,24.268987097933774
208,67.47233859230637,186.1341679060667
209,158.30986167970397,108.93495016876956
210,56.96623821720256,168.0239940778158
211,147.63306949003726,26.82200804309366
212,78.03666527735588,102.32572297805075
213,145.3006264993317,20.348650484028695
214,174.0942810545509,56.62615856500402
215,136.12775629553835,186.03950667722853
216,90.7724745071065,110.41921507689143
217,55.64612255034073,174.89051387118752
218,125.6578526672707,43.437980100348454
219,89.03843007575492,74.80037105532989
220,72.64330272870924,93.25293900306194
221,133.16296042559486,13.545149585754245
222,133.69347021702305,97.28158138028854
223,69.31743662749618,90.45854425552885
224,14.854916260581476,136.71867366577618
225,130.42723913540388,64.1776826590232
226,49.16730451607528,168.15208456302526
227,81.72237433682076,23.110387997082015
228,59.64296679613356,176.1602898084539
229,116.24298770241934,126.72278154940827
230,117.23295492571039,196.82887341257714
231,89.0453196206318,115.54359077927913
232,57.503012427133314,167.2302158212147
233,122.80837903105694,75.83593838131486
234,38.9784103108329,110.72428141972527
235,81.59141646223489,98.2505007322302
236,61.261494312089866,30.143525424746997
237,23.543736236235517,102.28225347418746
238,107.52378319828338,185.4124975554758
239,61.077557673879156,112.12436338779344
240,160.68358026569132,117.3359210578307
241,157.69773795023795,87.60934511094223
242,65.6597829478596,108.441445641301
243,150.18708434847895,129.2278608950996
244,88.1792040626404,192.37702925643512
245,123.39159886074721,124.43633076359929
246,123.10454900452213,105.50906098464682
247,131.43881320670909,81.58376524145302
248,128.41651749520767,119.63023702769127
249,136.48401216757017,63.07090194723385
250,105.9789096156115,136.13087958717935
251,161.89917914409426,46.29122875805932
252,61.0180110054843,139.96740898637714
253,117.78615095801518,92.88637094653274
254,56.562588815741336,34.584772752163246
255,171.79488737885674,144.72763006327438
256,169.34497049736265,160.61141808104125
257,78.37457894495547,201.912771467161
258,116.89240254851848,13.937645599251766
259,54.296192432125494,133.23585770288543
260,32.14797843526728,63.261695321725185
261,30.524689506339698,157.4041480504901
262,42.18840781481019,55.4977253705402
263,168.95631406853266,179.08788742248163
264,18.858632169220797,119.38760201821862
265,148.14130290797385,139.99602805710867
266,79.14765466052869,201.13587510762557
267,48.134979323804686,176.33772463122006
268,178.1958985622339,97.72535065699152
269,59.109044041947804,149.8086831862695
270,98.66526334231371,60.312773998523205
271,83.34652488134937,42.135708544295696
272,127.86088799352271,165.63080369732805
273,42.87524426467219,105.51195035872395
274,91.34578354661568,147.52481649997117
275,125.26403546954177,195.50146013167472
276,114.47837292057666,186.0690335099799
277,143.11968006809602,55.790279598036825
278,125.32442435963205,177.57623679809478
279,73.88959097546243,61.66620452741497
280,45.44057226293083,108.35205707806284
281,173.46168638847212,176.68297791503625
282,169.28687230563247,85.74387101064804
283,149.15938872517464,175.05577507298557
284,91.67868349168522,77.22836450899543
285,80.81688064409447,17.8088299898278
286,67.00844883910592,71.77784924223818
287,111.50880155504892,95.67464797626316
288,196.04254387767747,102.64470874632784
289,141.19119523868844,131.39012468394282
290,94.7792164737325,151.45527319609235
291,43.135325259851285,135.26067457003148
292,58.576874844995864,87.61502647397405
293,58.359363980896006,184.2971649539789
294,154.13448416933414,56.8054649609078
295,90.87676120584808,37.62758000455952
296,45.330548981426084,126.58944614355967
297,137.80375851681174,155.90999507014726
298,192.13659218945145,114.5336954848404
299,132.19727761865533,196.53881728259572
300,12.055398271268672,113.35261880239685
301,18.087334035542995,76.51926041566372
302,92.59399516736974,65.88059308107034
303,148.37972753506193,140.09991220345483
304,79.48171322141222,55.92031955571979
305,30.77566790806489,85.10028269612997
306,155.73717290030893,153.6920288301611
307,44.56973708820806,37.30078196860832
308,178.7802547124695,154.04761963902087
309,106.4332822226326,92.17960188477386
310,143.79760753918444,101.69051841415099
311,103.2728039302342,172.84088973388808
312,57.803227087287276,142.51102354316112
313,125.27989751276334,201.5942896693353
314,100.10162908095705,202.62595129340534
315,79.3448437901945,123.37300387838329
316,102.63408101927405,154.18328425676833
317,63.0909964211752,56.88972467900327
318,73.86952513346122,188.7249757482196
319,59.22968435429004,114.25043635365404
320,52.93669756746663,140.63446661185858
321,108.34599293147897,143.95560916844087
322,11.159841800250561,117.79441204458486
323,77.0065319771039,56.96768711014073
324,137.22601010543588,64.51384081696399
325,106.96843556572178,83.04279592266788
326,177.5593092013687,50.69408486631628
327,140.48362242332072,143.0128541543733
328,109.82438847958544,31.594139545351425
329,100.36344643913125,126.98129642205699
330,169.1540793170434,73.6643031991425
331,102.8226124574186,10.289609719000865
332,108.85426415670037,86.91616469191067
333,82.27900911793752,176.46406544538996
334,175.52139976794462,138.81237904481193
335,47.0977568142131,171.0341695552045
336,118.91449758693608,188.8415103365114
337,174.5992397830558,164.47393495546007
338,195.24280274423745,150.1688219199046
339,77.6072505940133,112.86579306833198
340,138.2933793032592,134.56290011141542
341,73.36817982194657,30.73179715839875
342,123.05029474885475,26.49174802768792
343,143.20446614546404,22.94585080453004
344,33.98363993986273,119.5423193378748
345,35.633430897526054,74.77173511442267
346,22.063224397059585,139.14007447977474
347,150.89038603798323,172.38257197566708
348,64.36247936067126,75.2634680910131
349,159.16344134820332,65.21004537409517
350,33.03384990787056,106.7625711615945
351,168.71995031632667,123.12118542067073
352,179.99466223422337,98.4081961625667
353,174.09324043645663,49.55221252910612
354,80.78220596693178,199.18208656253697
355,168.90010869885296,171.0144671339732
356,98.9443147227866,60.199496645705686
357,91.79678401923749,192.54531005761265
358,133.35645426434286,133.94599762420552
359,131.07380539567401,16.581342258581273
360,109.94518766807627,186.1251149929003
361,157.46568544509051,63.622251027474775
362,180.35065801171,105.43325382668563
363,62.731654206030484,58.13328544575471
364,132.17341949072443,109.7906041117094
365,32.200920022118254,115.96468451422945
366,78.43697343948759,98.7820410374258
367,29.27387574610708,75.286702362681
368,115.22361961743458,15.415044608262562
369,116.30231544943753,76.62898140070935
370,122.37608402603314,15.745788583049588
371,84.59807338544283,184.06160604283582
372,136.21096856752723,34.20253313541458
373,67.0934857986405,66.46298556236914
374,133.986069383472,69.99436943513493
375,66.41239622716782,28.125596446538154
376,116.86844124173318,108.26985669199486
377,116.07319289447652,102.86676176706898
378,120.6782706563665,36.955533236497075
379,191.00909802797375,95.72269763224207
380,182.28706934709774,70.67289922869207
381,100.7175412704112,128.29827248386616
382,98.45082189340056,185.30169186647237
383,46.787760791459256,165.83524386267004
384,26.475565278938788,64.34952221427564
385,50.44765876123336,128.8753868361717
386,202.0684716955639,82.56638728996819
387,102.9973007386617,68.64690962432421
388,95.0838568953096,32.213219948142225
389,98.91598118818965,116.17069590288428
390,137.5636818576595,128.00923410645288
391,113.7126267951528,115.44593272217716
392,140.93771670441168,84.03070412584854
393,148.7233710918472,40.297758935905534
394,31.05936164786587,81.73097741221963
395,60.97289887179489,105.93435338364796
396,153.9462438831674,132.3111081695103
397,130.40581265599803,36.304127774258745
398,118.61444780750018,76.72484776593177
399,143.42961883089515,115.30533310259692
400,154.74043087941752,102.35116618349393
401,162.80743846543078,90.19334234026151
402,105.71356595532629,54.13541047890664
403,58.56470781530079,144.16761296016247
404,182.07696409387944,97.49498116901559
405,186.46591658590634,79.81162539459743
406,31.244929759299822,103.13794239823463
407,133.0385680659606,30.519574842540848
408,70.68600975676813,39.271393111386914
409,89.78090579743777,93.41051410127157
410,37.95470483039823,90.97268731488172
411,18.951322754687524,69.53561403984294
412,184.89186751811042,57.364623696776846
413,126.35088924024825,200.27614861998046
414,138.15297675489856,137.0120989787194
415,123.02926610858941,199.4111920741603
416,147.431925263621,31.737350857581774
417,99.43480404405275,12.374732848811405
418,122.40606354352899,50.26280644249684
419,118.51964117386976,197.6258068136281
420,183.48508954240003,62.08281957690427
421,139.315069428354,83.50798632824907
422,108.75481269900338,87.85825524884223
423,111.99363673713955,160.99974741989442
424,23.31638509245451,109.08686038910639
425,198.19838760323174,69.71649341991079
426,154.55553920840813,52.566281281256266
427,74.44547701507187,104.53070625528873
428,21.993711475764997,105.73786733469773
429,53.79717732337177,183.59647200051603
430,59.717699561907416,182.44953161515326
431,199.75672716547479,136.63364065820087
432,157.2247164796825,126.92363856211142
433,47.73384776564574,104.47146394950241
434,43.206362267867945,148.3129485900941
435,73.3090051554014,67.33852493609297
436,152.32229340162897,177.92735078426654
437,91.23963691323348,183.17673589417052
438,86.10173987625963,86.1979139917719
439,46.457702942559244,47.30269439277655
440,17.746376309644575,98.03083079425313
441,84.00354605673473,33.013301860181215
442,125.60144309147735,136.891396369106
443,102.39339269431918,63.7849844821831
444,111.34506120356733,185.31249449426517
445,95.02014717120053,128.76351342323778
446,73.24751756767489,134.52453323845097
447,75.1365302893883,22.342088457283154
448,47.92491011191678,62.5702349174512
449,143.59371800378844,60.15758406963588
450,185.4597324209231,50.17346073059
451,148.2450843219954,187.4547475903683
452,118.80743983662106,41.87133420944015
453,36.254931630641636,137.5628956803236
454,153.48588130075842,72.20706718618565
455,59.22001261778075,41.76604431386983
456,55.18721189350599,141.34129778308346
457,87.69101345847764,188.05716730355857
458,111.96163362766777,50.643461217309316
459,103.58548538796394,175.0559304037514
460,52.86934922596809,186.80174954902697
461,108.8809699183105,157.82485748715658
462,69.29375897648049,51.11173981528313
463,108.50112644562336,205.21282054031883
464,84.160525366303,139.36302365721852
465,104.43842099105869,207.3552416782444
466,39.171499522795415,84.2534258722172
467,201.2292374170025,75.02004442385785
468,134.5752712301352,116.26684940761231
469,189.7810993991497,151.7830503955733
470,159.83198327586726,84.31612896232126
471,69.34214084516964,157.83766386498974
472,66.32297572868856,103.27365953457617
473,152.38080714601244,148.03769985147426
474,107.0850119234898,48.93925494238438
475,157.2918429824981,87.47974015150936
476,94.78096532492619,139.72580839864557
477,201.41408705807567,84.68029939039813
478,106.07802335772192,75.41316842895372
479,160.9543272609029,169.57174346673827
480,120.39983163725978,180.5463804902418
481,72.39198802980576,128.73201937319837
482,78.19509255643058,141.83586868694647
483,101.04063098268578,75.2385221722079
484,178.31180022569015,175.45122859658136
485,60.64022351039423,39.1218452243796
486,120.00408401821704,91.51396023681197
487,152.3403901975035,52.58468237166005
488,177.84453053965098,82.71493496073487
489,190.54941884043728,127.44410389737263
490,34.83333954128173,148.88756450062797
491,164.0610094410309,85.86098699125847
492,77.07637013429957,200.99978865439624
493,73.59827045841202,124.40654829772821
494,101.39556263718909,21.540004877589496
495,36.06477205493344,65.98493504593483
496,188.8027871098014,98.56767091878926
497,114.6187983398729,120.50157959969222
498,165.69996281456463,57.31437507336575
499,71.68850307625345,75.66954503502848
500,43.47012450971478,162.9114529922092
501,54.51458851874347,42.7942803602465
502,106.65619636757614,123.48506133137357
503,24.571468683084518,123.86439544901062
504,150.7958031587128,137.63223286926575
505,193.19995569156674,85.73149677374482
506,161.60037217687898,43.35358750440153
507,177.4883439084545,131.05030329845158
508,78.94375523390462,110.59291644743304
509,187.86610577011044,113.41172770554743
510,48.609656673263515,38.332887621673734
511,134.94299610436278,73.13949373098929
512,153.54418448813237,60.47646382070881
513,200.6248910727237,111.440067166825
514,84.98600257061261,110.04728886478031
515,158.4796055762932,147.93072206527245
516,130.80774234137607,186.26389620340387
517,113.3236272780549,132.9542358073481
518,57.02858774454712,186.63499566483102
519,83.46474752834138,93.95846316477328
520,190.34022445623754,72.63963563441314
521,123.91599951915381,137.86980810332003
522,12.019755368999157,89.71347217135155
523,61.83684045920889,160.25465397233486
524,163.87542788816808,105.68351106097198
525,196.18411233933446,100.31260634131596
526,181.3720272504143,72.20627332297202
527,70.1025023645937,199.2763191024963
528,137.86290577240308,122.31771952423045
529,115.18457923932688,80.37756840502253
530,74.54570160518574,69.86818967426746
531,193.5549470590258,113.1792919514892
532,79.32551519933622,120.46743205564795
533,33.74302327919307,105.2889498440104
534,195.97208721377592,117.39130616916891
535,12.2195115280836,106.9399818342191
536,108.06221790493571,29.995184201468362
537,130.6258365194048,186.6804939298127
538,99.26215053674757,89.09029307532211
539,99.34580019682024,15.008954223552479
540,138.65848202143076,122.86606374726615
541,115.39949644506132,172.4643905985683
542,119.89838069621328,20.456807843631864
543,125.97171354901343,99.77385462385863
544,102.8153906578618,142.56117151940958
545,49.40285438410216,143.29840015303463
546,91.82418189100952,100.85024945772601
547,70.63595588101103,195.70862720856462
548,197.663479817059,72.98976797985497
549,176.9014542028344,89.81805229787852
550,150.2895500776433,133.68959347260227
551,69.64998591590695,44.08814888198168
552,133.98354310439842,155.31319532922123
553,92.60373319026445,60.12043308091528
554,75.53820672945173,144.0303196190992
555,56.97222389578398,58.613801210921594
556,105.93583734935225,16.99104341915067
557,90.50811030681774,137.09335566593174
558,156.95113070880222,42.15986027693896
559,192.3104271297724,142.6519526657752
560,160.17255965653803,57.82851801780731
561,118.7111800340054,76.43133941883451
562,167.26847301454956,46.555257765779864
563,119.50802950780897,139.78135969257104
564,60.22494723009747,129.72875455727382
565,18.878685610587368,106.89421476067778
566,170.35133054237616,79.29823792532795
567,111.3738416660565,87.81864236972348
568,95.13604328158064,29.813795674915568
569,73.24393340010636,65.70146478576656
570,138.9847162169245,85.89345314377397
571,40.32367939336085,127.86468282636167
572,75.24728375615763,128.66869988991235
573,168.92063481581079,47.09405175499101
574,26.17982697797956,141.0542722014564
575,146.8318359410324,84.84352073605736
576,145.23934894980079,198.71388511298449
577,151.82860178518746,80.83822105377183
578,112.10717697013804,194.9672385651263
579,110.91276217123053,125.23041141607641
580,51.90641136797803,127.87216933180422
581,62.23622522808371,52.27474006521613
582,142.51916620585388,159.4089786750092
583,88.56250521503051,79.838311540837
584,72.91999102974891,32.28736487722648
585,72.95019584552611,127.18808736385567
586,84.33781777678793,86.06840402329178
587,128.1874667306547,78.33570049758167
588,85.74316507039018,117.53009854594691
589,168.336773522653,101.56540727564858
590,133.86421060242924,58.85616746150518
591,52.04803055797873,130.80735468142856
592,84.62600925218669,186.3927731219234
593,50.58605080634581,183.99569051248977
594,79.7988125409368,50.461074454674836
595,119.14936190453587,184.1946466355654
596,106.96147807773559,185.63935796121746
597,105.39534826278083,202.9596906151093
598,82.96388728261037,81.77212490984324
599,63.5911128274749,53.51669011837833
600,167.26151207829218,79.62810124566869
601,102.61434708893105,168.16377248352427
602,23.74190800621669,146.84307315578388
603,58.73575889593989,77.61749843291635
604,106.07719306185936,205.57440189021537
605,145.84771816323396,176.13266531573535
606,109.45936107935769,164.7620545695133
607,115.55569389086166,187.09328565732412
608,124.67632908975352,189.14155377252308
609,166.0800229724355,104.84491220291976
610,196.8418539950173,149.4979990160001
611,114.22318851389643,102.42072886552305
612,168.44145946830685,145.95983725761963
613,116.42324689483362,81.54487026852718
614,159.67533564111739,41.501065607530165
615,121.05705287375683,12.68421711425269
616,129.57356238886146,93.65684022665778
617,80.34005740118602,19.25394832164895
618,132.66648067703164,116.17858137123118
619,116.98692054551036,68.42330690656306
620,164.52112189001576,130.1303996677645
621,105.44815109548652,118.60286368375141
622,42.667326244168734,167.20380302329914
623,147.0162142257106,36.923652608196534
624,171.26262727927696,42.80657397919646
625,90.3943919480278,177.5176247915591
626,61.499212177265726,151.2319571563733
627,170.4272859777288,57.04231899141146
628,103.87077844560665,160.03703692627872
629,182.983388537429,70.40138095009502
630,130.3318693689446,158.1231370501632
631,94.25196301252406,156.2877548987124
632,71.36244446732603,168.3662589919564
633,89.4667114019221,107.57140566648103
634,162.63547022756825,78.42038438947583
635,65.68682916968464,70.06424062383928
636,121.52461470819244,196.36096705507325
637,40.411032034169025,91.39459864422798
638,27.51699044495163,84.75643807694196
639,126.48990397966293,45.79210649836631
640,149.33161550125004,39.53911174807229
641,137.09672990726395,60.60946795395858
642,165.40913041558835,82.04153711747254
643,131.27617807328542,142.22224948693213
644,120.17672614345685,127.52580614875595
645,72.376052380412,25.443476533803604
646,47.24391432319587,180.81866561213775
647,66.88748902847269,183.63600572450105
648,27.269342175866015,84.22413759186082
649,86.08046106314072,60.60551820408444
650,135.28451762392208,118.31885779143398
651,120.31797556243541,68.87945263421939
652,136.96143610634834,54.98195626001921
653,161.77645383924337,138.1119839559169
654,73.75310600464832,88.96230217660164
655,152.02090598942223,122.85882796131331
656,52.46865720169061,90.10310926231205
657,75.57153343597474,51.82863182226093
658,77.08480561131853,131.24078085317055
659,40.28468608014791,92.7005386466091
660,167.28108939699158,79.96959819914738
661,103.38871308898395,131.97289541979725
662,159.17375786917165,93.66309483313114
663,177.19589377576244,84.71368766255141
664,162.982383440518,85.11132145206278
665,74.58136207556291,37.85556838404872
666,190.15910380287926,64.2143705921463
667,62.61972443046807,51.5055893289246
668,120.03116763864229,199.96558527050252
669,137.0543401939773,195.7682830912944
670,155.0727369232159,96.14910200579904
671,54.29593397347268,150.4722844065626
672,94.41292088175751,199.13539168781142
673,98.82522305384988,66.16540330353615
674,145.68270645378706,182.29939806770315
675,125.80405921818216,38.312798624670435
676,170.1047595867058,115.26758635183148
677,84.92324608239426,168.69952972839832
678,128.78275460898405,86.92319096893942
679,75.76937385011857,72.42175296527283
680,75.79585340752561,93.89203401279298
681,93.14240291179577,134.553087968787
682,163.46064712387,174.54374357596907
683,142.4818237134933,170.26645543976048
684,152.36498878241542,120.13570440713491
685,78.24862596725836,191.4261357688435
686,199.27712509508007,84.71651913030381
687,192.34707186103913,112.34121192308872
688,155.013807259681,188.96975788379814
689,37.806236699444185,92.34355486145745
690,145.12222584071532,98.32767943191959
691,127.43235037911208,171.9812167139792
692,95.03570320166317,39.96102031339767
693,187.02602053355128,134.18406854024522
694,197.43509330279727,69.4079172170829
695,43.75969845240117,147.4323573728177
696,44.670224890363016,98.45039910540439
697,96.75374886400515,61.68560047463969
698,130.89853054078083,66.40773377054641
699,102.741558231604,134.76665725771824
700,19.75421623015933,94.44730729723122
701,156.81621409569172,98.90306818569908
702,115.43284290861018,79.10077714395321
703,188.99665876157496,119.90571151827456
704,128.3920375937732,124.7550884297301
705,49.618997990218865,40.5284142972484
706,74.76937408777016,26.760643853123113
707,147.76133470914226,55.91598908847125
708,150.77553998472706,170.83273410130892
709,120.39789509030645,115.95959223955741
710,119.24901002710165,64.79327961302431
711,91.24033331419113,184.981907768708
712,195.45013828443075,152.03298470489352
713,147.5489280745494,92.93387631746151
714,53.59202152188202,188.71270002898154
715,111.74240302326852,198.5479078046621
716,88.75280648160714,59.97366250588073
717,150.1253622561644,141.88672941432668
718,163.94314695994706,84.61503723827204
719,95.81850627536954,25.11880613873808
720,143.14052871116036,46.15832326060799
721,80.23533914259693,141.45571496261226
722,187.9524745001753,149.75990554785167
723,76.46810990496881,22.339278990653455
724,47.583358042757794,33.02626685454372
725,178.4567840331159,149.66381907645624
726,147.62830299274208,141.18929554347804
727,153.5839314665104,129.4876552138272
728,151.08648150598253,149.4567978603952
729,20.84795686971239,94.89761720354682
730,84.67976426444955,166.4417097943998
731,160.29670590232234,96.88275194621586
732,113.34108079565812,98.76697321085642
733,157.7343098414708,82.85360251229582
734,54.8298923099439,44.66066914087419
735,131.46446841578236,118.3235567123539
736,133.27578442311824,27.512027580095875
737,41.87852946594012,100.44820690700078
738,94.51113500854918,58.307021027887465
739,119.65899805737287,21.458116552838817
740,164.82129711368898,77.64889161520102
741,98.04207399902003,63.501302937816085
742,45.790936232389434,57.56473474425208
743,103.00363244641613,29.191018125639687
744,68.24645591988482,43.694208266801
745,87.74313127567632,20.466642441963515
746,25.34071723385135,157.69758100773754
747,169.44768565868137,58.11492579878353
748,172.4235791841877,56.90344003591303
749,31.976391057924914,166.62577811686606
750,136.90983041932267,60.752472008947365
751,87.7638687953403,123.6453207778453
752,48.90646708864454,178.16267453463468
753,35.995169419256015,82.87875056323877
754,151.6118575729262,177.92985820312936
755,167.10155313884425,100.88128918461808
756,20.93101216496754,64.5106430899707
757,74.93962238187828,98.49352537609644
758,20.940358354841663,70.76118249091348
759,137.94314534396693,128.32681658958506
760,76.49467956480768,20.44776439965821
761,145.23449950013978,123.76089653299668
762,51.968076165718735,152.8674533182812
763,186.1435773010441,86.27433996527715
764,43.42377211915067,145.02113059957867
765,115.13281012921003,20.11095044359186
766,159.71003986542078,106.53537755616561
767,56.813841959429126,133.43708460226728
768,184.67448857368964,135.58352034448671
769,101.23256309363556,152.10352824390569
770,46.28363328554978,34.053027137032075
771,205.68232015562012,99.89794885064863
772,130.05672295398836,157.06812894892468
773,74.54806369422076,109.21608107473996
774,151.27079013722386,143.11378481670627
775,38.572675182503446,156.56640819416464
776,123.0668569119072,140.47431113385665
777,47.09797228988284,131.9228236426946
778,175.5284721249123,42.223562642176006
779,179.64744090259472,161.84701576638696
780,114.78658752084102,33.24428235523375
781,80.08514090376201,53.013580550737544
782,23.244585156893365,77.638022579737
783,132.54444686813298,14.638237676246021
784,159.48228848410088,70.00624423727956
785,129.27333554502735,25.08888767684921
786,36.82515977161252,99.55150904660191
787,27.342105546111995,124.12880535269575
788,51.91185536386714,125.84045874980782
789,106.42370761408246,27.42784495062594
790,196.112074825577,67.73886384028773
791,114.86503478484978,45.63634135568402
792,162.014025154489,43.68147694941135
793,146.03205807481348,132.1394570979971
794,67.02211184410726,75.2779824913331
795,160.66721758581963,31.918800468500066
796,53.5828825552855,108.86906854782738
797,150.25674345057388,97.2865899211047
798,187.89078167374083,95.76173791980314
799,123.4612242727283,11.873745070485441
800,50.44453228221509,131.24952927227878
801,25.631137450954554,157.78109499381137
802,17.09264420719599,113.17306854561876
803,105.48845469644847,192.98294621887143
804,136.92962945745202,54.909097097425985
805,11.051021267367204,96.59380836090158
806,186.6609603242252,121.60223582192559
807,118.20801915202843,20.854205632609165
808,26.968503472671287,116.35052996956999
809,50.92904221876429,137.62888768266984
810,60.686933619137214,101.99861476357836
811,90.95273282577733,136.09614406799423
812,143.05801882939014,163.35045505279373
813,121.77571398322162,183.85016905855514
814,108.73352937349804,122.11579427440525
815,99.16829153310037,151.09467659571413
816,134.46830771151818,94.70867430160051
817,27.022558357182973,155.74261442237457
818,61.96800167572604,57.82499628330509
819,113.35615174417043,28.41713950299291
820,77.90002312580984,153.1526850437912
821,200.67729964968248,142.096660689517
822,150.51935308242173,79.74003599799829
823,34.81843847465096,59.30827220378695
824,80.74167986671551,41.522911641581175
825,132.8020698918963,37.58820592497257
826,96.49207914828814,177.5314772567084
827,30.831261387687917,111.22495472543302
828,137.26636661223256,70.70439589348648
829,117.88277557104783,200.47452072954147
830,122.8924036813294,201.00772433458317
831,108.05822549231112,65.21417366506728
832,189.89110723367938,80.84045686945734
833,164.33805518990206,65.34121743841638
834,200.24979501615084,123.56611463187596
835,90.16101694076724,13.729926595061627
836,119.47311231253173,142.75488682246936
837,33.746049526383786,161.57094135885075
838,61.377729935566755,34.93505565351411
839,49.328946153214446,154.40467089741082
840,122.36354813104283,145.28193984954723
841,57.23203285536811,35.34369064286358
842,71.29573002245564,80.10876925187452
843,92.83751574050058,152.71689096855258
844,149.9383728548244,105.5305253474386
845,74.00922042227788,192.51180708205828
846,132.40242825672624,23.754036418191703
847,48.627001112301066,47.33815378616771
848,26.510239736483214,71.24207216595232
849,167.55225908685847,154.2406386407232
850,44.53610824016749,114.3584830303799
851,165.10093515232762,61.226400191934175
852,77.3629694272821,150.12527075327756
853,181.37865038299083,67.38723703829848
854,97.92102620612405,171.52595931792152
855,85.04443870953506,73.06282810828705
856,157.3735269280269,163.89550411634156
857,64.67058929544983,58.59017144179816
858,179.36034889235867,51.118341925181205
859,130.58686045035378,105.25886458844876
860,50.62848223115415,140.18300913465737
861,93.5676089633931,157.09271299745188
862,48.07344975831038,66.35837250428949
863,154.17480853553081,95.78870447499882
864,126.84605242940093,152.71414546106985
865,163.45389118729975,147.33665208423582
866,27.75934106758953,158.16934113948207
867,12.032163883279651,126.84577113058472
868,114.40938541605671,155.033999176499
869,144.64901548594148,90.39711462769566
870,54.92564357359762,80.70131516432366
871,136.1625526664498,27.762585991595728
872,151.43749423176422,23.82209452456597
873,126.30798392689636,19.594184808245117
874,16.03861883234684,122.88571484453476
875,191.68114711426074,74.88886539051352
876,155.51382581739466,22.984668984228122
877,51.13124613913385,182.0626866902776
878,166.3525655114019,182.46857438758022
879,172.4982372649671,76.49396853288447
880,168.49737459156654,132.90780776106996
881,113.50072317465444,102.47034186891423
882,62.48048189677147,44.30695786788144
883,76.42701314377595,106.8366498244539
884,115.42598924555702,25.594628715858477
885,104.56101467221993,196.25791770302337
886,92.47076580749412,171.29646364174778
887,119.8748998632217,20.518908525799944
888,152.61021211776784,68.38665248165451
889,97.93309821390464,105.08096303690716
890,129.5776363848322,129.0966539463176
891,117.06554828462394,40.25009194705413
892,60.44603298636567,42.483089352477634
893,91.48767719884627,41.28041975777437
894,114.07053434061,122.4997463759176
895,24.488432250572416,63.76217079129761
896,33.46280430682906,84.6612374746446
897,164.8935158872511,130.44477745012063
898,109.96583510924152,12.304986009727884
899,141.58950128190023,171.5845508340401
900,67.47197352423456,125.32798431564349
901,164.46844267978196,169.90320261188745
902,144.0120049812308,179.49637966977332
903,28.640261003432727,60.605196826177824
904,16.74398626857068,85.0273453491724
905,37.11040221949651,133.6800253014897
906,93.44919928098246,28.01793833388011
907,69.44892331684261,42.84759307774081
908,17.73617737220256,138.14541158021154
909,110.21286810406309,80.9919156232955
910,155.9214684965866,40.12863542895879
911,66.37175351739546,129.7915684679963
912,75.23141090352966,153.9641327345335
913,54.40053151367681,155.61944910488756
914,155.85694770517554,130.84982301088692
915,110.68326167156933,159.3394330176989
916,52.218660294589064,118.4032394568774
917,106.86696856135985,114.56963987546273
918,34.443189332089915,118.65819237934684
919,55.78496925542945,116.21937821521894
920,60.126570936975924,179.95606185368098
921,129.67913240659433,138.5293836066328
922,193.67397653389642,123.87440902315822
923,116.75291056111229,204.90423347089478
924,66.47589922908,66.04181091310329
925,189.57895343535967,71.01236399086817
926,91.21558497925552,94.15183172080162
927,99.782592700491,149.36437093660163
928,104.86105995114352,206.98773889883003
929,61.9498852365552,53.66841517692492
930,45.90217847253531,169.63533589297265
931,139.44965402006792,150.17882556623576
932,54.09191093274956,153.2335274595352
933,180.07426585294735,70.66899607933684
934,32.22468176895559,112.95378499984382
935,102.57537713019707,79.62226358127475
936,31.689780549302597,121.40274092344973
937,85.07308654477272,145.32934837853554
938,176.52407832881073,117.78705873174964
939,75.87466298750368,116.23746369011127
940,44.391194722581574,143.1555194743102
941,63.879043486340215,103.39311345150816
942,121.20923165153373,118.90946829153123
943,147.0122947717263,85.38851934286413
944,60.44472695133587,132.66722056358336
945,19.049806997965874,108.6426665416876
946,119.1596935940358,150.5375592720207
947,80.75411818340368,116.91859878890695
948,127.55919230158676,198.96059410187266
949,106.12619409410736,36.0321373339813
950,149.64988037524057,92.04520651730526
951,95.56327758535296,57.34408226878114
952,124.69545975233736,132.1016585040309
953,166.4303539716246,128.50866916605176
954,73.12383632732463,85.24137426197245
955,104.36314801018679,71.51794834197172
956,143.77674633981894,87.78255883312588
957,86.40942376887782,145.291692100258
958,155.51732171437797,191.23340463628318
959,48.18466363482261,52.087098813163266
960,95.92809786701453,172.8858591978763
961,106.14995361982255,170.69307273810148
962,135.72916313354088,48.78841757164213
963,163.63902230583145,47.16309157872497
964,92.69368592237288,127.87774704676174
965,184.75182992145955,138.48116580246736
966,33.00102992593979,88.38570599445251
967,43.15908420873275,85.057593936371
968,127.96914232037233,66.60964533094005
969,117.02765245037463,87.44518977407029
970,167.87787678997702,135.1889392111076
971,129.68326465347934,150.71187644083338
972,80.68603925047378,159.16386500752685
973,33.97068275400429,137.54667136977403
974,197.25183674024618,121.94756866320903
975,161.35742036357973,182.7322345545159
976,149.79390371026528,110.68983703422285
977,28.401160403715778,77.40200413244547
978,62.09624807762827,152.88704544580423
979,117.38007929996438,20.166879260636463
980,78.5035146994898,142.14161217689332
981,151.28654033594873,68.37876933034896
982,144.38973140443923,198.1720439813013
983,107.84057510187532,155.93729005105538
984,90.64562501542154,152.05203016156355
985,77.98622145452454,31.65321148816112
986,91.48208996015418,55.943536234928246
987,82.29112514613685,102.62928687984505
988,158.3947020404455,125.90183305601414
989,86.48062233121996,64.99053347613147
990,88.458032269391,16.29367525950947
991,111.53129675790672,117.17784236633109
992,115.9015039196669,171.393865173585
993,28.022859600877354,122.20748327523839
994,102.65967097816231,73.27041622601959
995,65.38985145458443,95.25655176473276
996,122.42559183867947,112.31766741622005
997,99.85675390374456,26.32589917593002
998,157.49504693851603,177.30606967619147
999,57.46636785666319,146.2309055336377
